id,type,author,source,license,audio_file,audio_tool,audio_license,drive_link,sha256
reading-01,reading,Original (self-written),Original (self-written),CC BY 4.0,,,,,
reading-02,reading,Original (self-written),Original (self-written),CC BY 4.0,,,,,
reading-03,reading,Original (self-written),Original (self-written),CC BY 4.0,,,,,
reading-04,reading,Original (self-written),Original (self-written),CC BY 4.0,,,,,
reading-05,reading,Original (self-written),Original (self-written),CC BY 4.0,,,,,
reading-06,reading,Original (self-written),Original (self-written),CC BY 4.0,,,,,
reading-07,reading,Original (self-written),Original (self-written),CC BY 4.0,,,,,
reading-08,reading,Original (self-written),Original (self-written),CC BY 4.0,,,,,
reading-09,reading,Original (self-written),Original (self-written),CC BY 4.0,,,,,
reading-10,reading,Original (self-written),Original (self-written),CC BY 4.0,,,,,
listening-01,listening,Original (self-written),Original (self-written),CC BY 4.0,listening-01.mp3,Windows built-in TTS (Microsoft David and Zira voices) + LAME MP3 encoder (lameenc),CC BY 4.0 (synthesized from original transcript),https://drive.google.com/file/d/1L7XeDIq7BQteyFpa2Rt1E28O1b-gFAM2/view?usp=sharing,b0414e3e0fb284bf2a0bcb1a74c6637509cbdcc0917b0c08fd5ef2394d15b24b
listening-02,listening,Original (self-written),Original (self-written),CC BY 4.0,listening-02.mp3,Windows built-in TTS (Microsoft David and Zira voices) + LAME MP3 encoder (lameenc),CC BY 4.0 (synthesized from original transcript),https://drive.google.com/file/d/1AXghlgwAGHhtYlwIS8_tMxKCgTzJHs2D/view?usp=sharing,ee33ed30ee1306bf25f581f3863ddcb5140ad1ed60ac34c722265f494c140328
listening-03,listening,Original (self-written),Original (self-written),CC BY 4.0,listening-03.mp3,Windows built-in TTS (Microsoft David and Zira voices) + LAME MP3 encoder (lameenc),CC BY 4.0 (synthesized from original transcript),https://drive.google.com/file/d/1_JHKcHAmi-KWeczCD-d5p__C0QFaV9x1/view?usp=sharing,e62ef425b76a277232008c7ae44485567093fcf6918364be2fd0f7de0c69583d
listening-04,listening,Original (self-written),Original (self-written),CC BY 4.0,listening-04.mp3,Windows built-in TTS (Microsoft David and Zira voices) + LAME MP3 encoder (lameenc),CC BY 4.0 (synthesized from original transcript),https://drive.google.com/file/d/1DuXB2VToVfqqHNgyaPEirzcRZF94iKmq/view?usp=sharing,ff40d5c79805fd88810062b45dc7cd709a0e52643d40242dd3746c6a68b02383
listening-05,listening,Original (self-written),Original (self-written),CC BY 4.0,listening-05.mp3,Windows built-in TTS (Microsoft David and Zira voices) + LAME MP3 encoder (lameenc),CC BY 4.0 (synthesized from original transcript),https://drive.google.com/file/d/1eSf3gXlFEiJz7wtvhZQ6WCHYy5whDdeP/view?usp=sharing,af82cb3d8971025db53510dfbadce778bb5ed3a1359075dfb62a89391031ef7f
listening-06,listening,Original (self-written),Original (self-written),CC BY 4.0,listening-06.mp3,Windows built-in TTS (Microsoft David and Zira voices) + LAME MP3 encoder (lameenc),CC BY 4.0 (synthesized from original transcript),https://drive.google.com/file/d/1IW1czFWDPKtCVWH34-h20SC2rS8we_bi/view?usp=sharing,b88ffe71874b3bec2f8e0bedcce182623e4922e360f7005ae13a0844fbd05929
listening-07,listening,Original (self-written),Original (self-written),CC BY 4.0,listening-07.mp3,Windows built-in TTS (Microsoft David and Zira voices) + LAME MP3 encoder (lameenc),CC BY 4.0 (synthesized from original transcript),https://drive.google.com/file/d/1souOs2H02V9an8xEsgpXoNYRvz9CIqdM/view?usp=sharing,bdfca4e83eb4173e68f59034d33e4365c81127af63076c5ccd1e45a04fe7ba77
listening-08,listening,Original (self-written),Original (self-written),CC BY 4.0,listening-08.mp3,Windows built-in TTS (Microsoft David and Zira voices) + LAME MP3 encoder (lameenc),CC BY 4.0 (synthesized from original transcript),https://drive.google.com/file/d/1TdnzaGFh427MinIty26LWX2HQP1wPHK3/view?usp=sharing,400460908ece15a3a8ad02fd2a8ea7ef612aeb85bb052cbdbe49f6a3f03c89fa
listening-09,listening,Original (self-written),Original (self-written),CC BY 4.0,listening-09.mp3,Windows built-in TTS (Microsoft David and Zira voices) + LAME MP3 encoder (lameenc),CC BY 4.0 (synthesized from original transcript),https://drive.google.com/file/d/19n3QjrmoJXgqkTYCn0jQ_ZTQRJVMHyG6/view?usp=sharing,904d8d5d42913c4090a34f5a45fa1da85355928a4b596a274dff58bcda13a94f
listening-10,listening,Original (self-written),Original (self-written),CC BY 4.0,listening-10.mp3,Windows built-in TTS (Microsoft David and Zira voices) + LAME MP3 encoder (lameenc),CC BY 4.0 (synthesized from original transcript),https://drive.google.com/file/d/1qPdvplwmC4Q9IdonCl6I4I0SKPl1QCIV/view?usp=sharing,17a09776dfe550a1d8a251c615bd81c718086e0730654f6ebbdd428b7dcc28af
